{
    "id": "base",
    "title": "Printing Tips",
    "content": "For the best results, I highly recommend using a reputable professional print lab or one of the print-on-demand services listed below. This ensures vibrant colors and sharp details, capturing the true essence of the original artwork. It's advisable to avoid department store kiosks like Big W or Harvey Norman, as they often have difficulty handling high-resolution art files, potentially resulting in poor-quality prints.",
    "instructions": "This is the base text for the 'Printing Tips' section for the 3x4 aspect ratio. Edit the text to refine the message for this paragraph.",
    "last_updated": "2025-07-25T16:37:30.458051"
}