{
    "id": "base",
    "title": "Top 10 Print-On-Demand Services for Wall Art & Art Prints",
    "content": "1. Printful:\nFamed for its gallery-quality posters, canvases, and framed prints, Printful offers swift and reliable shipping from global print hubs with outstanding color accuracy.\n\n2. Printify:\nConnects you to a worldwide network of print partners, providing affordable wall art with extensive options for sizes and materials.\n\n3. Gelato:\nPraised for local printing in over 30 countries, Gelato excels in fast delivery of top-quality posters and framed prints, promoting local support wherever you are.\n\n4. Gooten:\nExperts in home decor and wall art, Gooten ensures consistent quality and global shipping, perfect for transforming digital art into stunning, enduring pieces.\n\n5. Prodigi:\nYour source for museum-quality fine art prints, Prodigi uses gicl\u00e9e printing to create gallery-standard posters and canvases with impeccable detail.\n\n6. Fine Art America (Pixels):\nOffers a vast selection on an artist-friendly platform, handling everything from posters to metal and acrylic prints with reliable global fulfillment.\n\n7. Displate:\nFor a bold, modern twist, Displate prints artwork on premium metal panels\u2014unique, collectible, and exceptionally durable.\n\n8. Redbubble:\nA beloved platform for indie artists, Redbubble provides posters, art prints, and canvases to a worldwide audience, spreading your art from Adelaide to Alaska.\n\n9. Society6:\nKnown for trendy, stylish, high-quality prints, Society6 caters to art lovers seeking fresh designs, offering a wide array of high-spec print formats.\n\n10. InPrnt:\nEsteemed for its professional artist community and gallery-quality prints, InPrnt delivers exceptional craftsmanship for those seeking the best.",
    "instructions": "This is the base text for the 'Top 10 Print-On-Demand Services for Wall Art & Art Prints' section for the 4x5 aspect ratio. Edit the text to refine the message for this paragraph.",
    "last_updated": "2025-07-25T16:42:07.961621"
}