{
    "id": "base",
    "title": "Frequently Asked Questions",
    "content": "\"Q: Is this a digital product?\nA: Yes, you'll receive an instant download upon purchase.\n\nQ: Can I request a different size or format?\nA: Certainly! Just contact me before or after your purchase.\n\nQ: Is this for commercial use?\nA: No, it's intended for personal use only.\n\nQ: Are refunds available?\nA: Digital downloads are final sale, but I'll promptly resolve any issues.\n\nQ: Is it truly limited edition?\nA: Absolutely\u2014only 25 copies will ever be available.\ud83c\udfa8\"",
    "instructions": "This is the base text for the 'Frequently Asked Questions' section for the 3x4 aspect ratio. Edit the text to refine the message for this paragraph.",
    "last_updated": "2025-07-25T16:37:25.678420"
}