{
    "id": "base",
    "title": "Top 10 Print-On-Demand Services for Wall Art & Art Prints",
    "content": "1. Printful:  \nKnown for its gallery-quality posters, canvases, and framed prints, Printful boasts global print hubs ensuring fast, reliable shipping and superior color reproduction.\n\n2. Printify:  \nThis platform connects you with a trusted network of print partners worldwide, offering flexible and affordable wall art options in various sizes and materials.\n\n3. Gelato:  \nPraised for local printing across 30+ countries, Gelato delivers top-notch posters and framed prints quickly, supporting local production wherever you are.\n\n4. Gooten:  \nSpecializing in home decor and wall art, Gooten provides consistent quality with worldwide shipping, perfect for transforming digital art into beautiful, lasting pieces.\n\n5. Prodigi:  \nYour destination for museum-quality fine art prints, Prodigi uses gicl\u00e9e printing methods to create gallery-standard posters and canvases, capturing every detail.\n\n6. Fine Art America (Pixels):  \nOffering a vast range and artist-friendly platform, they manage everything from posters to metal and acrylic prints with reliable fulfillment and global reach.\n\n7. Displate:  \nFor a unique touch, Displate prints art directly on premium metal panels, giving your work a bold, modern edge\u2014unique, collectible, and highly durable.\n\n8. Redbubble:  \nA favorite among indie artists, Redbubble offers posters, art prints, and canvases to a worldwide audience, brightening homes from Adelaide to Alaska.\n\n9. Society6:  \nTrendy, stylish, and high-quality, Society6 caters to art lovers seeking something fresh, providing a wide range of print formats made to a high specification.\n\n10. InPrnt:  \nRespected for its professional artist community, InPrnt delivers gallery-quality art prints, offering craftsmanship you can trust for the best of the best.",
    "instructions": "This is the base text for the 'Top 10 Print-On-Demand Services for Wall Art & Art Prints' section for the 3x4 aspect ratio. Edit the text to refine the message for this paragraph.",
    "last_updated": "2025-07-25T16:37:28.363925"
}