{
    "id": "base",
    "title": "About the Artist \u2013 Robin Custance",
    "content": "Hello, I'm Robin Custance\u2014an Aboriginal Australian artist, part-time Kangaroo whisperer, and lifelong storyteller through color, line, and imagination. My artistic journey began on Kaurna Country in Adelaide, with roots reaching back to the Naracoorte region (Boandik Country).\n\nEach piece I create\u2014be it dot painting, digital design, or contemporary Australian landscape\u2014honors Country, community, and the vibrant narratives passed down through generations.\n\nRegardless of the style or subject, my aim as an artist is to tell stories and evoke genuine emotion. Whether using ancient dot techniques, digital brushes, or bold modern colors, I infuse heart and meaning into every creation.\n\nMy art serves to give back and strengthen culture, blending the timeless with the modern, and weaving my heritage with today's creative spirit. By bringing my art into your home, you welcome a piece of Australian story and soul, crafted with passion and character.",
    "instructions": "This is the base text for the 'About the Artist \u2013 Robin Custance' section for the 4x5 aspect ratio. Edit the text to refine the message for this paragraph.",
    "last_updated": "2025-07-25T16:41:50.454675"
}