{
    "id": "base",
    "title": "Artistic Journey Unveiled",
    "content": "Ultimately, my art embodies a journey filled with curiosity, dedication, and unwavering passion. Whether you're an experienced collector or new to digital art, I welcome you to delve into my creations. Every piece transcends mere imagery\u2014it's a dialogue, a fragment of my essence, and a glimpse into a life enriched with creativity and heart.\n\n\ud83d\ude4c",
    "instructions": "This is the base text for the 'LET\u2019S CREATE SOMETHING BEAUTIFUL TOGETHER' section for the 4x5 aspect ratio. Edit the text to refine the message for this paragraph.",
    "last_updated": "2025-07-25T16:42:16.192177"
}