{
    "id": "base",
    "title": "Did You Know? Aboriginal Art & the Spirit of Dot Painting",
    "content": "Aboriginal art is among the oldest creative traditions globally, with origins dating back tens of thousands of years. From ancient rock art to vibrant canvases, each style and technique narrates stories of connection to land, people, and spirit.\n\nDid you know the renowned \u201cdot painting\u201d style gained prominence only in the early 1970s through the revolutionary Papunya Tula movement in Central Australia? Visionary artists like Kaapa Tjampitjinpa, Clifford Possum Tjapaltjarri, and Emily Kame Kngwarreye crafted a new visual language with dots, not just for aesthetic appeal but to share and safeguard sacred Dreamtime stories and songlines.\n\nIn these artworks, each dot could symbolize a footprint, a star, or a ripple in the sand, creating a profound link between the artist, Country, and viewer.\n\nToday, Aboriginal artists across Australia continue to adapt, innovate, and honor tradition in every medium, from dot paintings and digital art to sculpture and contemporary creations. Each piece is part of a living story, a testament to resilience, creativity, and the enduring bond between people and place.\n\nThank you for supporting authentic Aboriginal and Australian art. Every purchase helps keep these stories and traditions alive!",
    "instructions": "This is the base text for the 'Did You Know? Aboriginal Art & the Spirit of Dot Painting' section for the 4x5 aspect ratio. Edit the text to refine the message for this paragraph.",
    "last_updated": "2025-07-25T16:41:52.302039"
}