{
    "id": "base",
    "title": "Did You Know? Aboriginal Art & the Spirit of Dot Painting",
    "content": "Aboriginal art, among the world's oldest creative traditions, traces its origins back tens of thousands of years. From ancient rock art to vibrant canvases, each style and technique narrates stories of connection to land, people, and spirit.\n\nDid you know that the renowned \u201cdot painting\u201d style emerged in the early 1970s with the Papunya Tula movement in Central Australia? Visionary artists like Kaapa Tjampitjinpa, Clifford Possum Tjapaltjarri, and Emily Kame Kngwarreye crafted a new visual language with dots\u2014not just for aesthetic appeal, but to share and safeguard sacred Dreamtime stories and songlines.\n\nIn these artworks, each dot might symbolize a footprint, a star, or a ripple in the sand\u2014creating a powerful link between artist, Country, and viewer.\n\nToday, Aboriginal artists across Australia continue to adapt, innovate, and honor tradition in every medium\u2014from dot paintings and digital art to sculpture and contemporary pieces. Every creation is part of a living story: a testament to resilience, creativity, and the unbreakable bond between people and place.\n\nThank you for supporting authentic Aboriginal and Australian art. Each purchase helps keep these stories and traditions alive!",
    "instructions": "This is the base text for the 'Did You Know? Aboriginal Art & the Spirit of Dot Painting' section for the 3x4 aspect ratio. Edit the text to refine the message for this paragraph.",
    "last_updated": "2025-07-25T16:37:39.846168"
}