{
    "id": "base",
    "title": "WHY YOU\u2019LL LOVE THIS ARTWORK",
    "content": "Ever wanted to capture that perfect moment\u2014the golden sunset, the crisp evening breeze, the deep connection to the land? This artwork is your portal to that experience.\n\n\u2705 Instant Digital Download \u2013 No waiting or shipping delays. Just click, download, print, and enjoy instantly!\n\n\u2705 Premium-Quality Digital Art \u2013 Every detail is sharp, every color vibrant, with each brushstroke infused with warmth.\n\n\u2705 Versatile Printing Options \u2013 Frame it, stretch it on canvas, or print on acrylic to truly make it your own.\n\n\u2705 Authentic Australian Outback Scene \u2013 Inspired by genuine landscapes and moments, offering a real connection.\n\n\u2705 Ideal Gift for Nature Lovers & Adventure Seekers \u2013 An artwork that resonates with the soul says, \"I understand you.\"\n\nThis piece transcends mere wall art\u2014it's a feeling, a reminder of the vastness, beauty, and magic of the Australian landscape, captured for you to treasure.",
    "instructions": "This is the base text for the 'WHY YOU\u2019LL LOVE THIS ARTWORK' section for the 3x4 aspect ratio. Edit the text to refine the message for this paragraph.",
    "last_updated": "2025-07-25T16:37:35.013359"
}