{
    "id": "base",
    "title": "LET\u2019S CREATE SOMETHING BEAUTIFUL TOGETHER",
    "content": "\"Ultimately, my art embodies a lifetime of curiosity, dedication, and unwavering passion. Whether you're an avid collector or new to the digital art scene, I welcome you to delve into my creations. Each piece transcends mere visuals\u2014it's a dialogue, a fragment of my essence, and a glimpse into a life enriched by creativity and heart.\n\n\ud83d\ude4c\"",
    "instructions": "This is the base text for the 'LET\u2019S CREATE SOMETHING BEAUTIFUL TOGETHER' section for the 3x4 aspect ratio. Edit the text to refine the message for this paragraph.",
    "last_updated": "2025-07-25T16:37:17.581667"
}