{
    "id": "base",
    "title": "Ideal Uses for the",
    "content": "4:5 Aspect Ratio: Renowned for its visually appealing balance, the 4:5 portrait ratio is a favorite in fine art photography and portraiture. It offers generous vertical space while maintaining a grounded feel, making it ideal for a variety of subjects.\n\n* 10x12.5\" (25x32 cm): Perfect for bedside tables, mantels, or small gallery groupings, providing an intimate scale.\n* 16x20\" (40x50 cm): Exceptionally versatile, suitable for any room from living areas to studies, with a classic proportion.\n* 24x30\" (60x76 cm): Creates a substantial and elegant statement, ideal for dining rooms or foyers, effortlessly drawing the eye.\n* 32x40\" (81x102 cm): A commanding size that makes a significant visual impact in medium to large rooms.\n* 38.4x48\" (97.5x122 cm): Designed to be a captivating centerpiece in grand interiors, filling the wall with artistic presence.\n\nWhether you need a cozy piece above your desk or a standout for your lounge, you\u2019re covered. And if you're envisioning something even grander, feel free to reach out\u2014I\u2019m always ready to assist with custom sizes or display ideas.\n\nYour image is available for instant and secure download via Etsy\u2014no PDFs, no third-party links, just straightforward and safe digital delivery.\n\nReady for Professional Printing: JPG file format for convenience, with other formats available on request.",
    "instructions": "This is the base text for the 'Ideal Uses for the' section for the 4x5 aspect ratio. Edit the text to refine the message for this paragraph.",
    "last_updated": "2025-07-25T16:42:04.129844"
}