{
    "id": "base",
    "title": "HOW TO BUY & PRINT",
    "content": "Purchasing is as simple as flipping a burger on the grill. Here's the process:\n\n1\ufe0f\u20e3 Add to Cart \u2013 A few clicks and it's yours.\n2\ufe0f\u20e3 Checkout Securely \u2013 Quick, safe, and stress-free.\n3\ufe0f\u20e3 Download Instantly \u2013 Receive a direct link to your high-resolution file from Etsy.\n4\ufe0f\u20e3 Print It Your Way \u2013 Choose home printing, an online service, or a professional print shop.\n5\ufe0f\u20e3 Display & Enjoy \u2013 Frame it, gift it, or simply appreciate your exquisite taste in art.\n\nNeed assistance with printing? Feel free to message me - I\u2019m here to help!\n\n\u2764\ufe0f",
    "instructions": "This is the base text for the 'HOW TO BUY & PRINT' section for the 4x5 aspect ratio. Edit the text to refine the message for this paragraph.",
    "last_updated": "2025-07-25T16:42:00.096509"
}