{
    "id": "base",
    "title": "WHY YOU\u2019LL LOVE THIS ARTWORK",
    "content": "Ever wish you could capture that perfect moment\u2014the golden sunset, the crisp evening breeze, or the profound connection to the land? This artwork serves as your personal time capsule.\n\n\u2705 Instant Digital Download \u2013 No waiting or shipping delays. Click, download, print, and enjoy instantly!\n\n\u2705 Premium-Quality Digital Art \u2013 Each detail is sharp, every color vibrant, and each brushstroke exudes warmth.\n\n\u2705 Versatile Printing Options \u2013 Frame it, stretch it on canvas, or print on acrylic to make it uniquely yours.\n\n\u2705 Authentic Australian Outback Scene \u2013 Inspired by genuine landscapes, real moments, and a true connection to nature.\n\n\u2705 Ideal Gift for Nature Lovers & Adventurers \u2013 Capture the spirit of exploration with art that resonates deeply.\n\nThis isn\u2019t just wall art; it\u2019s an emotion. A tribute to the vastness, beauty, and magic of the Australian landscape, preserved for you to cherish.",
    "instructions": "This is the base text for the 'WHY YOU\u2019LL LOVE THIS ARTWORK' section for the 4x5 aspect ratio. Edit the text to refine the message for this paragraph.",
    "last_updated": "2025-07-26T02:00:45.534850"
}