{
    "id": "base",
    "title": "Thank You & Stay Connected",
    "content": "Thank you for supporting Aboriginal and Australian art\u2014your purchase helps preserve cultural stories.\n\nAct now\u2014click Add to Basket to claim one of only 25 copies.\n\nIf my art brightens your space, I\u2019d love to see a photo or hear your thoughts in a review.\n\nExplore my entire collection:\nhttps://www.etsy.com/au/shop/RobinCustance\n\nHave a special request or question? Feel free to message me anytime\u2014I'm always here to help.\n\nFrom my family to yours, thank you for sharing the spirit and stories of Australia with the world.\nWarm regards,\nRobin Custance\n\nAdd this artwork to your basket and let a touch of Aussie warmth and Dreaming illuminate your day, every day.\nThank you for keeping art and culture alive!",
    "instructions": "This is the base text for the 'Thank You & Stay Connected' section for the 3x4 aspect ratio. Edit the text to refine the message for this paragraph.",
    "last_updated": "2025-07-25T16:37:12.435586"
}