{
    "id": "base",
    "title": "Printing Tips",
    "content": "For optimal results, I suggest utilizing a reputable professional print lab or one of the recommended print-on-demand services below. This guarantees vibrant colors and sharp details, faithfully capturing the essence of the original artwork. Steer clear of department store kiosks, such as Big W or Harvey Norman, as they may struggle with high-resolution art files and could result in unsatisfactory prints.",
    "instructions": "This is the base text for the 'Printing Tips' section for the 4x5 aspect ratio. Edit the text to refine the message for this paragraph.",
    "last_updated": "2025-07-25T16:42:06.014962"
}