{
    "id": "base",
    "title": "Frequently Asked Questions",
    "content": "Q: Is this a digital product?  \nA: Yes, you will receive an instant download upon purchase.\n\nQ: Can I request a different size or format?  \nA: Certainly! Just contact me before or after your purchase.\n\nQ: Is it available for commercial use?  \nA: No, it's intended for personal use only.\n\nQ: Are refunds available?  \nA: All digital downloads are final, but I'll promptly address any issues.\n\nQ: Is it truly a limited edition?  \nA: Absolutely\u2014only 25 copies will ever be available. \ud83c\udfa8",
    "instructions": "This is the base text for the 'Frequently Asked Questions' section for the 4x5 aspect ratio. Edit the text to refine the message for this paragraph.",
    "last_updated": "2025-07-25T16:42:13.668115"
}