{
    "id": "base",
    "title": "THANK YOU \u2013 FROM MY STUDIO TO YOUR HOME",
    "content": "Thank you for exploring my collection. I hope my art inspires, brings a smile, and perhaps offers a new perspective on the world. Here's to art, life, and the beautiful stories we all share. \ud83c\udfa8\u2728",
    "instructions": "This is the base text for the 'THANK YOU \u2013 FROM MY STUDIO TO YOUR HOME' section for the 3x4 aspect ratio. Edit the text to refine the message for this paragraph.",
    "last_updated": "2025-07-25T16:37:14.100498"
}