{
    "id": "base",
    "title": "Thank You & Stay Connected",
    "content": "Thank you for supporting Aboriginal and Australian art\u2014your purchase plays a vital role in preserving cultural stories.\n\nAct now\u2014click \"Add to Basket\" to claim one of only 25 copies available.\n\nIf my art adds joy to your home, I\u2019d love to see a photo or read your review.\n\nExplore my entire collection:\nhttps://www.etsy.com/au/shop/RobinCustance\n\nHave a special request or question? Feel free to message me anytime\u2014I\u2019m always here to assist.\n\nFrom my family to yours, thank you for spreading the spirit and stories of Australia worldwide.\nWarm regards,\nRobin Custance\n\nAdd this artwork to your basket and let a touch of Aussie warmth and Dreaming brighten your day, every day.\nThank you for keeping art and culture thriving!",
    "instructions": "This is the base text for the 'Thank You & Stay Connected' section for the 4x5 aspect ratio. Edit the text to refine the message for this paragraph.",
    "last_updated": "2025-07-25T16:42:20.618405"
}