{
    "id": "base",
    "title": "HOW TO BUY & PRINT",
    "content": "Purchasing and printing are a breeze. Here's how:\n\n1\ufe0f\u20e3 Add to Cart \u2013 A few clicks and it's yours.\n2\ufe0f\u20e3 Checkout Securely \u2013 Simple, safe, and stress-free.\n3\ufe0f\u20e3 Download Instantly \u2013 Etsy provides a direct link to your high-resolution file.\n4\ufe0f\u20e3 Print Your Way \u2013 At home, via an online service, or at a professional print shop.\n5\ufe0f\u20e3 Display & Enjoy \u2013 Frame it, gift it, or appreciate your great taste in art.\n\nNeed assistance with printing? Just send me a message\u2014I'm here to help! \u2764\ufe0f",
    "instructions": "This is the base text for the 'HOW TO BUY & PRINT' section for the 3x4 aspect ratio. Edit the text to refine the message for this paragraph.",
    "last_updated": "2025-07-25T16:37:32.608306"
}